分析时间,代码,名称,所属板块,当前涨跌幅(%),流通市值(亿),失败原因,最近涨停日,综合评分,filter_stock是否通过,分钟条件是否通过,分钟失败原因
2026-07-23 03:45:07,600844,金煤科技,化学原料,10.04,25.26,流通市值不足 80 亿,,,否,,
2026-07-23 03:45:07,605189,富春染织,纺织制造,10.04,35.78,流通市值不足 80 亿,,,否,,
2026-07-23 03:45:07,001208,华菱线缆,电网设备,10.02,43.38,流通市值不足 80 亿,,,否,,
2026-07-23 03:45:07,002300,太阳电缆,电网设备,10.07,46.59,流通市值不足 80 亿,,,否,,
2026-07-23 03:45:07,001382,新亚电缆,电网设备,10.03,10.44,流通市值不足 80 亿,,,否,,
2026-07-23 03:45:07,603399,永杉锂业,能源金属,10.02,70.29,流通市值不足 80 亿,,,否,,
2026-07-23 03:45:07,000533,顺钠股份,电网设备,10.01,59.45,流通市值不足 80 亿,,,否,,
2026-07-23 03:45:07,600379,宝光股份,电网设备,10.03,38.04,流通市值不足 80 亿,,,否,,
2026-07-23 03:45:07,603191,望变电气,电网设备,10.02,44.22,流通市值不足 80 亿,,,否,,
2026-07-23 03:45:07,002207,*ST准油,油服工程,10.04,14.01,ST股,,,否,,
2026-07-23 03:45:07,600219,南山铝业,工业金属,10.11,550.07,均线未向上倾斜,,,否,,
2026-07-23 03:45:07,601678,滨化股份,化学原料,10.09,127.1,均线未呈多头排列,,,否,,
2026-07-23 03:45:07,002498,汉缆股份,电网设备,10.06,196.61,均线未呈多头排列,,,否,,
2026-07-23 03:45:07,002539,云图控股,农化制品,10.04,101.44,均线未呈多头排列,,,否,,
2026-07-23 03:45:07,000035,中国天楹,环境治理,10.02,111.72,均线未呈多头排列,,,否,,
2026-07-23 03:45:07,002112,三变科技,电网设备,10.0,38.05,流通市值不足 80 亿,,,否,,
2026-07-23 03:45:07,002240,盛新锂能,能源金属,10.02,277.71,均线未呈多头排列,,,否,,
2026-07-23 03:45:07,002879,长缆科技,电网设备,9.99,22.5,流通市值不足 80 亿,,,否,,
2026-07-23 03:45:07,600722,金牛化工,化学原料,9.99,74.15,流通市值不足 80 亿,,,否,,
2026-07-23 03:45:07,603318,水发燃气,燃气Ⅱ,9.99,39.94,流通市值不足 80 亿,,,否,,
2026-07-23 03:45:07,002379,宏桥控股,工业金属,10.01,232.39,均线未向上倾斜,,,否,,
2026-07-23 03:45:07,605299,舒华体育,文娱用品,9.98,49.41,流通市值不足 80 亿,,,否,,
2026-07-23 03:45:07,600550,保变电气,电网设备,10.01,214.54,均线未呈多头排列,,,否,,
2026-07-23 03:45:07,600984,建设机械,工程机械,9.97,45.76,流通市值不足 80 亿,,,否,,
2026-07-23 03:45:07,600468,百利电气,电网设备,9.92,60.26,流通市值不足 80 亿,,,否,,
2026-07-23 03:45:07,600227,赤天化,农化制品,9.21,43.95,流通市值不足 80 亿,,,否,,
2026-07-23 03:45:07,000603,盛达资源,工业金属,10.01,165.55,均线未呈多头排列,,,否,,
2026-07-23 03:45:07,603727,博迈科,油服工程,8.14,48.29,流通市值不足 80 亿,,,否,,
2026-07-23 03:45:07,000688,国城矿业,小金属,10.01,346.51,均线未呈多头排列,,,否,,
2026-07-23 03:45:07,600727,鲁北化工,化学原料,7.52,38.53,流通市值不足 80 亿,,,否,,
2026-07-23 03:45:07,601061,中信金属,贸易Ⅱ,10.0,571.34,均线未呈多头排列,,,否,,
2026-07-23 03:45:07,001337,四川黄金,贵金属,10.0,169.09,均线未呈多头排列,,,否,,
2026-07-23 03:45:07,600470,六国化工,农化制品,6.96,28.06,流通市值不足 80 亿,,,否,,
2026-07-23 03:45:07,601179,中国西电,电网设备,9.99,699.68,均线未呈多头排列,,,否,,
2026-07-23 03:45:07,603619,中曼石油,油服工程,9.98,108.51,均线未向上倾斜,,,否,,
2026-07-23 03:45:07,002083,孚日股份,纺织制造,9.98,99.11,均线未呈多头排列,,,否,,
2026-07-23 03:45:07,002560,通达股份,电网设备,6.64,36.61,流通市值不足 80 亿,,,否,,
2026-07-23 03:45:07,600409,三友化工,化学原料,8.86,134.39,均线未呈多头排列,,,否,,
2026-07-23 03:45:07,603212,赛伍技术,光伏设备,6.52,44.32,流通市值不足 80 亿,,,否,,
2026-07-23 03:45:07,605117,德业股份,光伏设备,7.85,1104.91,均线未呈多头排列,,,否,,
2026-07-23 03:45:07,002532,天山铝业,工业金属,7.04,542.93,均线未向上倾斜,,,否,,
2026-07-23 03:45:07,002606,大连电瓷,电网设备,6.31,55.38,流通市值不足 80 亿,,,否,,
2026-07-23 03:45:07,002339,积成电子,电网设备,6.25,32.55,流通市值不足 80 亿,,,否,,
2026-07-23 03:45:07,002348,高乐股份,文娱用品,7.0,91.17,均线未呈多头排列,,,否,,
2026-07-23 03:45:07,001203,大中矿业,冶钢原料,6.85,358.62,均线未呈多头排列,,,否,,
2026-07-23 03:45:07,002738,中矿资源,小金属,6.7,360.09,均线未呈多头排列,,,否,,
2026-07-23 03:45:07,002545,东方铁塔,农化制品,6.67,218.57,均线未呈多头排列,,,否,,
2026-07-23 03:45:07,600595,中孚实业,工业金属,6.54,267.73,均线未向上倾斜,,,否,,
2026-07-23 03:45:07,600676,交运股份,汽车服务,5.95,65.93,流通市值不足 80 亿,,,否,,
2026-07-23 03:45:07,600711,盛屯矿业,工业金属,6.33,348.0,均线未呈多头排列,,,否,,
2026-07-23 03:45:07,002674,兴业科技,纺织制造,5.8,62.43,流通市值不足 80 亿,,,否,,
2026-07-23 03:45:07,002192,融捷股份,能源金属,6.32,166.41,均线未呈多头排列,,,否,,
2026-07-23 03:45:07,002460,赣锋锂业,能源金属,6.24,610.33,均线未呈多头排列,,,否,,
2026-07-23 03:45:07,000933,神火股份,工业金属,6.16,596.47,均线未向上倾斜,,,否,,
2026-07-23 03:45:07,002451,摩恩电气,电网设备,5.65,28.76,流通市值不足 80 亿,,,否,,
2026-07-23 03:45:07,000807,云铝股份,工业金属,6.14,941.54,均线未向上倾斜,,,否,,
2026-07-23 03:45:07,600089,特变电工,电网设备,6.02,1059.57,均线未呈多头排列,,,否,,
2026-07-23 03:45:07,001301,尚太科技,电池,6.01,140.89,均线未呈多头排列,,,否,,
2026-07-23 03:45:07,000711,ST京蓝,环境治理,5.49,114.3,ST股,,,否,,
2026-07-23 03:45:07,002756,永兴材料,能源金属,5.48,176.55,"板块均值 5.53%, 个股涨幅 5.48%",,,否,,
2026-07-23 03:45:07,000426,兴业银锡,工业金属,5.89,596.47,均线未呈多头排列,,,否,,
2026-07-23 03:45:07,002358,森源电气,电网设备,5.4,49.0,流通市值不足 80 亿,,,否,,
2026-07-23 03:45:07,000803,山高环能,环境治理,5.34,29.93,流通市值不足 80 亿,,,否,,
2026-07-23 03:45:07,601702,华峰铝业,工业金属,5.78,149.78,均线未呈多头排列,,,否,,
2026-07-23 03:45:07,000826,*ST启环,环境治理,5.19,20.24,ST股,,,否,,
2026-07-23 03:45:07,600929,雪天盐业,化学原料,5.75,93.49,均线未向上倾斜,,,否,,
2026-07-23 03:45:07,603876,鼎胜新材,工业金属,5.68,188.36,均线未呈多头排列,,,否,,
2026-07-23 03:45:07,601606,长城军工,地面兵装Ⅱ,5.62,202.64,均线未呈多头排列,,,否,,
2026-07-23 03:45:07,600362,江西铜业,工业金属,5.57,943.2,均线未呈多头排列,,,否,,
2026-07-23 03:45:07,600354,敦煌种业,种植业,5.1,30.45,流通市值不足 80 亿,,,否,,
2026-07-23 03:45:07,000762,西藏矿业,能源金属,5.07,113.27,"板块均值 5.53%, 个股涨幅 5.07%",,,否,,
2026-07-23 03:45:07,600389,江山股份,农化制品,5.06,79.54,流通市值不足 80 亿,,,否,,
2026-07-23 03:45:07,002466,天齐锂业,能源金属,5.05,680.9,"板块均值 5.53%, 个股涨幅 5.05%",,,否,,
2026-07-23 03:45:07,000691,亚太实业,化学原料,5.03,31.71,流通市值不足 80 亿,,,否,,
2026-07-23 03:45:07,600903,贵州燃气,燃气Ⅱ,5.02,70.65,流通市值不足 80 亿,,,否,,
2026-07-23 03:45:07,603050,科林电气,电网设备,5.01,71.87,流通市值不足 80 亿,,,否,,
2026-07-23 03:45:07,000400,许继电气,电网设备,5.52,231.88,均线未呈多头排列,,,否,,
2026-07-23 03:45:07,600815,厦工股份,工程机械,4.98,44.88,流通市值不足 80 亿,,,否,,
2026-07-23 03:45:07,002546,新联电子,电网设备,4.95,62.82,流通市值不足 80 亿,,,否,,
2026-07-23 03:45:07,600166,福田汽车,商用车,5.42,246.23,均线未呈多头排列,,,否,,
2026-07-23 03:45:07,002812,恩捷股份,电池,5.25,414.18,均线未呈多头排列,,,否,,
2026-07-23 03:45:07,600268,国电南自,电网设备,5.19,113.23,均线未呈多头排列,,,否,,
2026-07-23 03:45:07,603130,云中马,纺织制造,4.83,49.24,流通市值不足 80 亿,,,否,,
2026-07-23 03:45:07,601965,中国汽研,汽车服务,5.18,139.78,均线未向上倾斜,,,否,,
2026-07-23 03:45:07,002953,日丰股份,电网设备,4.77,29.06,流通市值不足 80 亿,,,否,,
2026-07-23 03:45:07,000792,盐湖股份,农化制品,5.18,1462.58,均线未呈多头排列,,,否,,
2026-07-23 03:45:07,603026,石大胜华,电池,5.13,139.71,均线未呈多头排列,,,否,,
2026-07-23 03:45:07,002092,中泰化学,化学原料,4.98,114.1,均线未向上倾斜,,,否,,
2026-07-23 03:45:07,000408,藏格矿业,农化制品,4.89,1259.83,均线未向上倾斜,,,否,,
2026-07-23 03:45:07,002692,远程股份,电网设备,4.68,25.69,流通市值不足 80 亿,,,否,,
2026-07-23 03:45:07,601616,广电电气,电网设备,4.66,28.77,流通市值不足 80 亿,,,否,,
2026-07-23 03:45:07,601118,海南橡胶,种植业,4.85,212.69,均线未呈多头排列,,,否,,
2026-07-23 03:45:07,600066,宇通客车,商用车,4.78,718.64,均线未向上倾斜,,,否,,
2026-07-23 03:45:07,601218,吉鑫科技,风电设备,4.53,40.21,流通市值不足 80 亿,,,否,,
2026-07-23 03:45:07,603878,武进不锈,普钢,4.39,25.36,流通市值不足 80 亿,,,否,,
2026-07-23 03:45:07,605222,起帆电缆,电网设备,4.36,75.07,流通市值不足 80 亿,,,否,,
2026-07-23 03:45:07,002578,闽发铝业,工业金属,4.33,24.89,流通市值不足 80 亿,,,否,,
2026-07-23 03:45:07,600078,澄星股份,农化制品,4.29,62.88,流通市值不足 80 亿,,,否,,
2026-07-23 03:45:07,002709,天赐材料,电池,4.76,557.43,均线未呈多头排列,,,否,,
2026-07-23 03:45:07,603618,杭电股份,电网设备,4.76,185.77,均线未呈多头排列,,,否,,
2026-07-23 03:45:07,600731,湖南海利,农化制品,4.17,29.74,流通市值不足 80 亿,,,否,,
2026-07-23 03:45:07,002028,思源电气,电网设备,4.74,986.94,均线未呈多头排列,,,否,,
2026-07-23 03:45:07,002478,常宝股份,特钢Ⅱ,4.15,43.58,流通市值不足 80 亿,,,否,,
2026-07-23 03:45:07,601600,中国铝业,工业金属,4.56,1301.85,均线未向上倾斜,,,否,,
2026-07-23 03:45:07,603558,健盛集团,纺织制造,4.13,42.35,流通市值不足 80 亿,,,否,,
2026-07-23 03:45:07,601168,西部矿业,工业金属,4.88,912.21,乖离率 11.11% 超出范围,,,否,,
2026-07-23 03:45:07,603799,华友钴业,能源金属,4.05,781.66,"板块均值 5.53%, 个股涨幅 4.05%",,,否,,
2026-07-23 03:45:07,002716,湖南白银,贵金属,4.54,181.85,均线未呈多头排列,,,否,,
2026-07-23 03:45:07,600156,华升股份,纺织制造,4.02,28.11,流通市值不足 80 亿,,,否,,
2026-07-23 03:45:07,603132,金徽股份,工业金属,4.27,150.42,均线未呈多头排列,,,否,,
2026-07-23 03:45:07,002309,中利集团,电网设备,3.97,69.3,流通市值不足 80 亿,,,否,,
2026-07-23 03:45:07,600989,宝丰能源,化学原料,4.26,1813.54,均线未向上倾斜,,,否,,
2026-07-23 03:45:07,600338,西藏珠峰,工业金属,4.16,116.65,均线未呈多头排列,,,否,,
2026-07-23 03:45:07,002471,中超控股,电网设备,3.96,67.04,流通市值不足 80 亿,,,否,,
2026-07-23 03:45:07,002759,ST天际,电池,3.96,65.77,ST股,,,否,,
2026-07-23 03:45:07,002580,圣阳股份,电池,3.93,71.74,流通市值不足 80 亿,,,否,,
2026-07-23 03:45:07,603861,白云电器,电网设备,3.91,60.42,流通市值不足 80 亿,,,否,,
2026-07-23 03:45:07,600192,长城电工,电网设备,3.91,26.99,流通市值不足 80 亿,,,否,,
2026-07-23 03:45:07,600075,新疆天业,化学原料,3.9,77.36,流通市值不足 80 亿,,,否,,
2026-07-23 03:45:07,002899,英派斯,文娱用品,3.9,27.93,流通市值不足 80 亿,,,否,,
2026-07-23 03:45:07,603530,神马电力,电网设备,3.87,190.35,"板块均值 3.96%, 个股涨幅 3.87%",,,否,,
2026-07-23 03:45:07,603338,浙江鼎力,工程机械,4.75,286.09,周线未呈多头排列,,,否,,
2026-07-23 03:45:07,603659,璞泰来,电池,4.13,507.96,均线未呈多头排列,,,否,,
2026-07-23 03:45:07,002270,华明装备,电网设备,3.83,162.84,"板块均值 3.96%, 个股涨幅 3.83%",,,否,,
2026-07-23 03:45:07,002470,金正大,农化制品,3.8,62.76,流通市值不足 80 亿,,,否,,
2026-07-23 03:45:07,000720,新能泰山,电网设备,3.8,41.21,流通市值不足 80 亿,,,否,,
2026-07-23 03:45:07,605169,洪通燃气,燃气Ⅱ,3.78,27.18,流通市值不足 80 亿,,,否,,
2026-07-23 03:45:07,000990,诚志股份,化学原料,4.05,112.41,均线未呈多头排列,,,否,,
2026-07-23 03:45:07,601700,风范股份,电网设备,3.78,53.18,流通市值不足 80 亿,,,否,,
2026-07-23 03:45:07,603889,新澳股份,纺织制造,3.77,51.82,流通市值不足 80 亿,,,否,,
2026-07-23 03:45:07,600810,神马股份,化学纤维,3.76,68.63,流通市值不足 80 亿,,,否,,
2026-07-23 03:45:07,600282,南钢股份,特钢Ⅱ,4.03,302.09,均线未向上倾斜,,,否,,
2026-07-23 03:45:07,600784,鲁银投资,化学原料,3.75,46.76,流通市值不足 80 亿,,,否,,
2026-07-23 03:45:07,002394,联发股份,纺织制造,3.74,25.98,流通市值不足 80 亿,,,否,,
2026-07-23 03:45:07,603588,高能环境,环境治理,3.98,194.82,均线未呈多头排列,,,否,,
2026-07-23 03:45:07,002072,凯瑞德,贸易Ⅱ,3.72,24.62,流通市值不足 80 亿,,,否,,
2026-07-23 03:45:07,000822,山东海化,化学原料,3.72,37.41,流通市值不足 80 亿,,,否,,
2026-07-23 03:45:07,001393,维通利,电网设备,3.71,20.93,流通市值不足 80 亿,,,否,,
2026-07-23 03:45:07,600382,广东明珠,冶钢原料,3.69,40.97,流通市值不足 80 亿,,,否,,
2026-07-23 03:45:07,002533,金杯电工,电网设备,3.67,68.48,流通市值不足 80 亿,,,否,,
2026-07-23 03:45:07,600312,平高电气,电网设备,3.97,266.36,均线未向上倾斜,,,否,,
2026-07-23 03:45:07,603527,众源新材,工业金属,3.63,28.08,流通市值不足 80 亿,,,否,,
2026-07-23 03:45:07,002882,金龙羽,电网设备,3.63,42.25,流通市值不足 80 亿,,,否,,
2026-07-23 03:45:07,603995,甬金股份,特钢Ⅱ,3.63,71.63,流通市值不足 80 亿,,,否,,
2026-07-23 03:45:07,002160,常铝股份,工业金属,3.63,38.24,流通市值不足 80 亿,,,否,,
2026-07-23 03:45:07,002554,惠博普,油服工程,3.61,38.27,流通市值不足 80 亿,,,否,,
2026-07-23 03:45:07,600490,鹏欣资源,工业金属,3.96,130.92,均线未呈多头排列,,,否,,
2026-07-23 03:45:07,000923,河钢资源,冶钢原料,3.87,89.35,均线未呈多头排列,,,否,,
2026-07-23 03:45:07,600577,精达股份,电网设备,3.58,156.15,"板块均值 3.96%, 个股涨幅 3.58%",,,否,,
2026-07-23 03:45:07,000546,金圆股份,环境治理,3.54,28.5,流通市值不足 80 亿,,,否,,
2026-07-23 03:45:07,002805,丰元股份,电池,3.53,46.56,流通市值不足 80 亿,,,否,,
2026-07-23 03:45:07,600281,华阳新材,小金属,3.51,19.7,流通市值不足 80 亿,,,否,,
2026-07-23 03:45:07,002136,安 纳 达,化学原料,3.51,25.26,流通市值不足 80 亿,,,否,,
2026-07-23 03:45:07,603606,东方电缆,电网设备,3.5,324.15,"板块均值 3.96%, 个股涨幅 3.50%",,,否,,
2026-07-23 03:45:07,600301,华锡有色,小金属,3.86,115.53,均线未呈多头排列,,,否,,
2026-07-23 03:45:07,002452,长高电气,电网设备,3.49,56.86,流通市值不足 80 亿,,,否,,
2026-07-23 03:45:07,600507,方大特钢,特钢Ⅱ,3.78,101.55,均线未向上倾斜,,,否,,
2026-07-23 03:45:07,603829,洛凯股份,电网设备,3.47,24.96,流通市值不足 80 亿,,,否,,
2026-07-23 03:45:07,603315,福鞍股份,环境治理,3.45,35.56,流通市值不足 80 亿,,,否,,
2026-07-23 03:45:07,000912,泸天化,农化制品,3.45,56.45,流通市值不足 80 亿,,,否,,
2026-07-23 03:45:07,600686,金龙汽车,商用车,3.44,77.66,流通市值不足 80 亿,,,否,,
2026-07-23 03:45:07,001388,信通电子,电网设备,3.42,28.01,流通市值不足 80 亿,,,否,,
2026-07-23 03:45:07,601212,白银有色,工业金属,3.75,368.76,均线未呈多头排列,,,否,,
2026-07-23 03:45:07,600319,亚星化学,化学原料,3.36,20.28,流通市值不足 80 亿,,,否,,
2026-07-23 03:45:07,600331,宏达股份,农化制品,3.74,259.28,均线未呈多头排列,,,否,,
2026-07-23 03:45:07,603016,新宏泰,电网设备,3.34,39.83,流通市值不足 80 亿,,,否,,
2026-07-23 03:45:07,000612,焦作万方,工业金属,3.67,131.5,均线未向上倾斜,,,否,,
2026-07-23 03:45:07,601388,怡球资源,工业金属,3.33,68.24,流通市值不足 80 亿,,,否,,
2026-07-23 03:45:07,603993,洛阳钼业,工业金属,3.31,3537.57,"板块均值 3.46%, 个股涨幅 3.31%",,,否,,
2026-07-23 03:45:07,601899,紫金矿业,工业金属,3.6,6872.76,均线未向上倾斜,,,否,,
2026-07-23 03:45:07,000669,ST金鸿,燃气Ⅱ,3.31,23.34,ST股,,,否,,
2026-07-23 03:45:07,002340,格林美,电池,3.58,337.55,均线未呈多头排列,,,否,,
2026-07-23 03:45:07,600888,新疆众和,工业金属,3.25,142.88,"板块均值 3.46%, 个股涨幅 3.25%",,,否,,
2026-07-23 03:45:07,001280,中国铀业,小金属,3.5,111.62,均线未呈多头排列,,,否,,
2026-07-23 03:45:07,603585,苏利股份,农化制品,3.24,25.89,流通市值不足 80 亿,,,否,,
2026-07-23 03:45:07,002121,科陆电子,电网设备,3.24,67.48,流通市值不足 80 亿,,,否,,
2026-07-23 03:45:07,600489,中金黄金,贵金属,3.21,1106.16,"板块均值 3.25%, 个股涨幅 3.21%",,,否,,
2026-07-23 03:45:07,603070,万控智造,电网设备,3.19,42.87,流通市值不足 80 亿,,,否,,
2026-07-23 03:45:07,603906,龙蟠科技,电池,3.49,100.21,均线未呈多头排列,,,否,,
2026-07-23 03:45:07,002672,东江环保,环境治理,3.17,29.42,流通市值不足 80 亿,,,否,,
2026-07-23 03:45:07,600313,农发种业,种植业,3.15,60.28,流通市值不足 80 亿,,,否,,
2026-07-23 03:45:07,002648,卫星化学,化学原料,3.35,851.72,均线未呈多头排列,,,否,,
2026-07-23 03:45:07,603248,锡华科技,风电设备,3.12,12.53,流通市值不足 80 亿,,,否,,
2026-07-23 03:45:07,002685,华东重机,工程机械,3.11,50.08,流通市值不足 80 亿,,,否,,
2026-07-23 03:45:07,600973,宝胜股份,电网设备,3.09,77.76,流通市值不足 80 亿,,,否,,
2026-07-23 03:45:07,600617,国新能源,燃气Ⅱ,3.08,53.44,流通市值不足 80 亿,,,否,,
2026-07-23 03:45:07,603937,丽岛新材,工业金属,3.03,19.91,流通市值不足 80 亿,,,否,,
2026-07-23 03:45:07,603897,长城科技,电网设备,3.01,48.8,流通市值不足 80 亿,,,否,,
2026-07-23 03:45:07,600691,潞化科技,农化制品,2.99,57.25,流通市值不足 80 亿,,,否,,
2026-07-23 03:45:07,000751,锌业股份,工业金属,2.99,63.16,流通市值不足 80 亿,,,否,,
2026-07-23 03:45:07,600796,钱江生化,环境治理,2.99,15.01,流通市值不足 80 亿,,,否,,
2026-07-23 03:45:07,600714,金瑞矿业,化学原料,2.99,39.77,流通市值不足 80 亿,,,否,,
2026-07-23 03:45:07,000630,铜陵有色,工业金属,2.95,699.78,"板块均值 3.46%, 个股涨幅 2.95%",,,否,,
2026-07-23 03:45:07,002318,久立特材,特钢Ⅱ,3.34,186.13,均线未呈多头排列,,,否,,
2026-07-23 03:45:07,002850,科达利,电池,3.31,381.65,均线未呈多头排列,,,否,,
2026-07-23 03:45:07,603507,振江股份,风电设备,2.92,50.83,流通市值不足 80 亿,,,否,,
2026-07-23 03:45:07,603312,西典新能,电网设备,2.91,15.68,流通市值不足 80 亿,,,否,,
2026-07-23 03:45:07,002927,泰永长征,电网设备,2.89,30.68,流通市值不足 80 亿,,,否,,
2026-07-23 03:45:07,002531,天顺风能,风电设备,3.3,111.85,均线未呈多头排列,,,否,,
2026-07-23 03:45:07,600478,科力远,电池,3.25,80.8,均线未呈多头排列,,,否,,
2026-07-23 03:45:07,002911,佛燃能源,燃气Ⅱ,3.17,140.01,均线未向上倾斜,,,否,,
2026-07-23 03:45:07,000682,东方电子,电网设备,2.86,159.13,"板块均值 3.96%, 个股涨幅 2.86%",,,否,,
2026-07-23 03:45:07,002350,北京科锐,电网设备,2.85,74.7,流通市值不足 80 亿,,,否,,
2026-07-23 03:45:07,002540,亚太科技,工业金属,2.84,40.42,流通市值不足 80 亿,,,否,,
2026-07-23 03:45:07,002623,亚玛顿,光伏设备,2.83,26.58,流通市值不足 80 亿,,,否,,
2026-07-23 03:45:07,002114,罗平锌电,工业金属,2.82,20.05,流通市值不足 80 亿,,,否,,
2026-07-23 03:45:07,002202,金风科技,风电设备,3.14,607.45,均线未呈多头排列,,,否,,
2026-07-23 03:45:07,600067,冠城新材,电网设备,2.81,35.63,流通市值不足 80 亿,,,否,,
2026-07-23 03:45:07,600988,赤峰黄金,贵金属,3.4,657.58,周线未呈多头排列,,,否,,
2026-07-23 03:45:07,000893,亚钾国际,农化制品,2.95,404.93,均线未向上倾斜,,,否,,
2026-07-23 03:45:07,000068,华控赛格,环境治理,2.78,26.07,流通市值不足 80 亿,,,否,,
2026-07-23 03:45:07,000159,国际实业,光伏设备,2.77,24.99,流通市值不足 80 亿,,,否,,
2026-07-23 03:45:07,000949,新乡化纤,化学纤维,2.94,98.56,均线未呈多头排列,,,否,,
2026-07-23 03:45:07,000506,招金黄金,贵金属,2.76,124.26,"板块均值 3.25%, 个股涨幅 2.76%",,,否,,
2026-07-23 03:45:07,600610,中毅达,化学原料,2.75,47.7,流通市值不足 80 亿,,,否,,
2026-07-23 03:45:07,002276,万马股份,电网设备,2.75,97.69,"板块均值 3.96%, 个股涨幅 2.75%",,,否,,
2026-07-23 03:45:07,000635,英 力 特,化学原料,2.75,21.9,流通市值不足 80 亿,,,否,,
2026-07-23 03:45:07,603200,上海洗霸,环境治理,2.73,58.03,流通市值不足 80 亿,,,否,,
2026-07-23 03:45:07,600259,中稀有色,小金属,2.88,248.63,均线未呈多头排列,,,否,,
2026-07-23 03:45:07,600152,维科技术,电池,2.7,38.2,流通市值不足 80 亿,,,否,,
2026-07-23 03:45:07,000821,ST京机,光伏设备,2.7,41.42,ST股,,,否,,
2026-07-23 03:45:07,002259,升达林业,燃气Ⅱ,2.69,25.88,流通市值不足 80 亿,,,否,,
2026-07-23 03:45:07,002758,浙农股份,农化制品,2.68,39.75,流通市值不足 80 亿,,,否,,
2026-07-23 03:45:07,603097,江苏华辰,电网设备,2.67,33.72,流通市值不足 80 亿,,,否,,
2026-07-23 03:45:07,000407,胜利股份,燃气Ⅱ,2.66,33.8,流通市值不足 80 亿,,,否,,
2026-07-23 03:45:07,600481,双良节能,光伏设备,2.65,79.88,流通市值不足 80 亿,,,否,,
2026-07-23 03:45:07,601216,君正集团,化学原料,2.63,395.74,"板块均值 2.74%, 个股涨幅 2.63%",,,否,,
2026-07-23 03:45:07,000528,柳    工,工程机械,2.86,175.58,均线未向上倾斜,,,否,,
2026-07-23 03:45:07,600399,抚顺特钢,特钢Ⅱ,2.61,77.5,流通市值不足 80 亿,,,否,,
2026-07-23 03:45:07,002778,中晟高科,环境治理,2.6,17.02,流通市值不足 80 亿,,,否,,
2026-07-23 03:45:07,000151,中成股份,贸易Ⅱ,2.59,28.05,流通市值不足 80 亿,,,否,,
2026-07-23 03:45:07,601065,江盐集团,化学原料,2.59,43.26,流通市值不足 80 亿,,,否,,
2026-07-23 03:45:07,000708,中信特钢,特钢Ⅱ,2.58,721.24,"板块均值 2.63%, 个股涨幅 2.58%",,,否,,
2026-07-23 03:45:07,601100,恒立液压,工程机械,2.86,1435.48,均线未呈多头排列,,,否,,
2026-07-23 03:45:07,603979,金诚信,工业金属,2.56,466.72,"板块均值 3.46%, 个股涨幅 2.56%",,,否,,
2026-07-23 03:45:07,600141,兴发集团,农化制品,2.81,356.2,均线未呈多头排列,,,否,,
2026-07-23 03:45:07,601020,华钰矿业,工业金属,2.54,155.38,"板块均值 3.46%, 个股涨幅 2.54%",,,否,,
2026-07-23 03:45:07,600583,海油工程,油服工程,2.54,250.25,"板块均值 4.99%, 个股涨幅 2.54%",,,否,,
2026-07-23 03:45:07,600540,新赛股份,种植业,2.52,18.89,流通市值不足 80 亿,,,否,,
2026-07-23 03:45:07,002700,万憬能源,燃气Ⅱ,2.51,21.74,流通市值不足 80 亿,,,否,,
2026-07-23 03:45:07,600063,皖维高新,化学纤维,2.8,114.01,均线未呈多头排列,,,否,,
2026-07-23 03:45:07,600615,鑫源智造,工业金属,2.5,18.47,流通市值不足 80 亿,,,否,,
2026-07-23 03:45:07,600133,东湖高新,环境治理,2.49,79.11,流通市值不足 80 亿,,,否,,
2026-07-23 03:45:07,000655,金岭矿业,冶钢原料,2.49,39.23,流通市值不足 80 亿,,,否,,
2026-07-23 03:45:07,600010,包钢股份,普钢,2.78,695.26,均线未呈多头排列,,,否,,
2026-07-23 03:45:07,002034,旺能环境,环境治理,2.49,72.14,流通市值不足 80 亿,,,否,,
2026-07-23 03:45:07,603271,永杰新材,工业金属,2.49,41.22,流通市值不足 80 亿,,,否,,
2026-07-23 03:45:07,605066,天正电气,电网设备,2.49,31.05,流通市值不足 80 亿,,,否,,
2026-07-23 03:45:07,002501,*ST利源,工业金属,2.48,43.98,ST股,,,否,,
2026-07-23 03:45:07,600231,凌钢股份,普钢,2.47,47.08,流通市值不足 80 亿,,,否,,
2026-07-23 03:45:07,600618,氯碱化工,化学原料,2.47,77.91,流通市值不足 80 亿,,,否,,
2026-07-23 03:45:07,002998,优彩资源,化学纤维,2.47,19.1,流通市值不足 80 亿,,,否,,
2026-07-23 03:45:07,000830,鲁西化工,化学原料,2.77,247.16,均线未呈多头排列,,,否,,
2026-07-23 03:45:07,600423,*ST柳化,化学原料,2.46,19.97,ST股,,,否,,
2026-07-23 03:45:07,000975,山金国际,贵金属,2.44,582.11,"板块均值 3.25%, 个股涨幅 2.44%",,,否,,
2026-07-23 03:45:07,002629,仁智股份,油服工程,2.44,15.18,流通市值不足 80 亿,,,否,,
2026-07-23 03:45:07,002109,ST兴化,化学原料,2.44,32.16,ST股,,,否,,
2026-07-23 03:45:07,600110,诺德股份,电池,2.71,157.73,均线未呈多头排列,,,否,,
2026-07-23 03:45:07,002865,钧达股份,光伏设备,2.57,95.45,均线未呈多头排列,,,否,,
2026-07-23 03:45:07,000878,云南铜业,工业金属,2.43,321.18,"板块均值 3.46%, 个股涨幅 2.43%",,,否,,
2026-07-23 03:45:07,601113,华鼎股份,化学纤维,2.43,37.21,流通市值不足 80 亿,,,否,,
2026-07-23 03:45:07,600072,中船科技,风电设备,2.55,91.43,均线未呈多头排列,,,否,,
2026-07-23 03:45:07,000960,锡业股份,小金属,2.51,538.06,均线未呈多头排列,,,否,,
2026-07-23 03:45:07,002734,利民股份,农化制品,2.41,57.2,流通市值不足 80 亿,,,否,,
2026-07-23 03:45:07,600375,汉马科技,商用车,2.41,56.02,流通市值不足 80 亿,,,否,,
2026-07-23 03:45:07,600955,维远股份,化学原料,2.4,65.61,流通市值不足 80 亿,,,否,,
2026-07-23 03:45:07,600967,内蒙一机,地面兵装Ⅱ,2.49,181.92,均线未呈多头排列,,,否,,
2026-07-23 03:45:07,003027,同兴科技,环境治理,2.38,15.32,流通市值不足 80 亿,,,否,,
2026-07-23 03:45:07,001283,豪鹏科技,电池,2.38,42.3,流通市值不足 80 亿,,,否,,
2026-07-23 03:45:07,603778,国晟科技,光伏设备,2.37,55.61,流通市值不足 80 亿,,,否,,
2026-07-23 03:45:07,002210,飞马国际,环境治理,2.36,57.62,流通市值不足 80 亿,,,否,,
2026-07-23 03:45:07,002733,雄韬股份,电池,2.35,67.5,流通市值不足 80 亿,,,否,,
2026-07-23 03:45:07,000737,北方铜业,工业金属,2.34,258.26,"板块均值 3.46%, 个股涨幅 2.34%",,,否,,
2026-07-23 03:45:07,000951,中国重汽,商用车,2.46,263.02,均线未向上倾斜,,,否,,
2026-07-23 03:45:07,000962,东方钽业,小金属,2.44,258.23,均线未呈多头排列,,,否,,
2026-07-23 03:45:07,000629,钒钛股份,冶钢原料,2.31,288.0,"板块均值 2.66%, 个股涨幅 2.31%",,,否,,
2026-07-23 03:45:07,002513,蓝丰生化,农化制品,2.31,12.8,流通市值不足 80 亿,,,否,,
2026-07-23 03:45:07,000701,厦门信达,贸易Ⅱ,2.3,29.65,流通市值不足 80 亿,,,否,,
2026-07-23 03:45:07,601969,海南矿业,冶钢原料,2.3,175.55,"板块均值 2.66%, 个股涨幅 2.30%",,,否,,
2026-07-23 03:45:07,600596,新安股份,农化制品,2.43,136.44,均线未呈多头排列,,,否,,
2026-07-23 03:45:07,600497,驰宏锌锗,工业金属,2.29,472.79,"板块均值 3.46%, 个股涨幅 2.29%",,,否,,
2026-07-23 03:45:07,000758,中色股份,工业金属,2.28,115.4,"板块均值 3.46%, 个股涨幅 2.28%",,,否,,
2026-07-23 03:45:07,002772,众兴菌业,种植业,2.25,35.49,流通市值不足 80 亿,,,否,,
2026-07-23 03:45:07,603360,百傲化学,农化制品,2.17,86.58,"板块均值 2.21%, 个股涨幅 2.17%",,,否,,
2026-07-23 03:45:07,603628,清源股份,光伏设备,2.17,24.31,流通市值不足 80 亿,,,否,,
2026-07-23 03:45:07,002496,辉丰股份,农化制品,2.16,22.33,流通市值不足 80 亿,,,否,,
2026-07-23 03:45:07,002996,顺博合金,工业金属,2.16,28.24,流通市值不足 80 亿,,,否,,
2026-07-23 03:45:07,002064,华峰化学,化学纤维,2.63,561.06,周线未呈多头排列,,,否,,
2026-07-23 03:45:07,002441,众业达,电网设备,2.15,30.33,流通市值不足 80 亿,,,否,,
2026-07-23 03:45:07,000709,河钢股份,普钢,2.43,218.08,均线未向上倾斜,,,否,,
2026-07-23 03:45:07,001217,华尔泰,化学原料,2.14,28.19,流通市值不足 80 亿,,,否,,
2026-07-23 03:45:07,603113,金能科技,化学原料,2.13,36.65,流通市值不足 80 亿,,,否,,
2026-07-23 03:45:07,000757,浩物股份,汽车服务,2.13,17.85,流通市值不足 80 亿,,,否,,
2026-07-23 03:45:07,600761,安徽合力,工程机械,2.42,154.45,均线未向上倾斜,,,否,,
2026-07-23 03:45:07,600096,云天化,农化制品,2.09,550.91,"板块均值 2.21%, 个股涨幅 2.09%",,,否,,
2026-07-23 03:45:07,603817,海峡环保,环境治理,2.07,30.9,流通市值不足 80 亿,,,否,,
2026-07-23 03:45:07,000932,华菱钢铁,普钢,2.39,264.51,均线未向上倾斜,,,否,,
2026-07-23 03:45:07,600108,亚盛集团,种植业,2.07,57.63,流通市值不足 80 亿,,,否,,
2026-07-23 03:45:07,002978,安宁股份,小金属,2.34,98.63,均线未向上倾斜,,,否,,
2026-07-23 03:45:07,002169,智光电气,电网设备,2.06,82.62,"板块均值 3.96%, 个股涨幅 2.06%",,,否,,
2026-07-23 03:45:07,000425,徐工机械,工程机械,2.05,806.45,"板块均值 2.22%, 个股涨幅 2.05%",,,否,,
2026-07-23 03:45:07,600207,安彩高科,光伏设备,2.05,43.46,流通市值不足 80 亿,,,否,,
2026-07-23 03:45:07,000157,中联重科,工程机械,2.05,528.1,"板块均值 2.22%, 个股涨幅 2.05%",,,否,,
2026-07-23 03:45:07,600111,北方稀土,小金属,2.33,1447.11,均线未呈多头排列,,,否,,
2026-07-23 03:45:07,002427,尤夫股份,化学纤维,2.04,39.38,流通市值不足 80 亿,,,否,,
2026-07-23 03:45:07,600333,长春燃气,燃气Ⅱ,2.04,33.5,流通市值不足 80 亿,,,否,,
2026-07-23 03:45:07,002678,珠江钢琴,文娱用品,2.04,54.3,流通市值不足 80 亿,,,否,,
2026-07-23 03:45:07,605376,博迁新材,能源金属,2.03,387.09,"板块均值 5.53%, 个股涨幅 2.03%",,,否,,
2026-07-23 03:45:07,002150,正泰电源,光伏设备,2.02,79.48,流通市值不足 80 亿,,,否,,
2026-07-23 03:45:07,003022,联泓新科,光伏设备,2.3,249.54,均线未呈多头排列,,,否,,
2026-07-23 03:45:07,600438,通威股份,光伏设备,2.16,510.08,均线未呈多头排列,,,否,,
2026-07-23 03:45:07,603396,金辰股份,光伏设备,2.01,30.97,流通市值不足 80 亿,,,否,,
2026-07-23 03:45:07,000519,中兵红箭,地面兵装Ⅱ,2.01,190.92,"板块均值 2.36%, 个股涨幅 2.01%",,,否,,
2026-07-23 03:45:07,003017,大洋生物,化学原料,2.01,16.45,流通市值不足 80 亿,,,否,,
2026-07-23 03:45:07,002110,三钢闽光,普钢,2.01,73.84,流通市值不足 80 亿,,,否,,
2026-07-23 03:45:07,600885,宏发股份,电网设备,1.98,526.03,"板块均值 3.96%, 个股涨幅 1.98%",,,否,,
2026-07-23 03:45:07,002182,宝武镁业,小金属,2.09,97.37,均线未呈多头排列,,,否,,
2026-07-23 03:45:07,600361,创新新材,工业金属,1.97,135.5,"板块均值 3.46%, 个股涨幅 1.97%",,,否,,
2026-07-23 03:45:07,601126,四方股份,电网设备,1.96,359.98,"板块均值 3.96%, 个股涨幅 1.96%",,,否,,
2026-07-23 03:45:07,002155,湖南黄金,贵金属,1.96,366.57,"板块均值 3.25%, 个股涨幅 1.96%",,,否,,
2026-07-23 03:45:07,603395,红四方,农化制品,1.95,14.61,流通市值不足 80 亿,,,否,,
2026-07-23 03:45:07,002506,协鑫集成,光伏设备,2.07,143.77,均线未呈多头排列,,,否,,
2026-07-23 03:45:07,600653,申华控股,汽车服务,1.92,30.95,流通市值不足 80 亿,,,否,,
2026-07-23 03:45:07,601877,正泰电器,电网设备,1.91,538.32,"板块均值 3.96%, 个股涨幅 1.91%",,,否,,
2026-07-23 03:45:07,601677,明泰铝业,工业金属,1.91,205.76,"板块均值 3.46%, 个股涨幅 1.91%",,,否,,
2026-07-23 03:45:07,600768,宁波富邦,工业金属,1.91,17.09,流通市值不足 80 亿,,,否,,
2026-07-23 03:45:07,002058,威尔泰,电池,1.89,21.57,流通市值不足 80 亿,,,否,,
2026-07-23 03:45:07,002519,银河电子,地面兵装Ⅱ,1.87,54.87,流通市值不足 80 亿,,,否,,
2026-07-23 03:45:07,002588,史丹利,农化制品,1.87,74.7,流通市值不足 80 亿,,,否,,
2026-07-23 03:45:07,601958,金钼股份,小金属,1.87,704.37,"板块均值 2.06%, 个股涨幅 1.87%",,,否,,
2026-07-23 03:45:07,600710,苏美达,贸易Ⅱ,1.87,142.04,"板块均值 2.35%, 个股涨幅 1.87%",,,否,,
2026-07-23 03:45:07,000898,鞍钢股份,普钢,2.02,160.74,均线未向上倾斜,,,否,,
2026-07-23 03:45:07,000717,中南股份,普钢,1.86,53.08,流通市值不足 80 亿,,,否,,
2026-07-23 03:45:07,603686,福龙马,环境治理,1.85,50.31,流通市值不足 80 亿,,,否,,
2026-07-23 03:45:07,002145,钛能化学,化学原料,1.85,167.48,"板块均值 2.74%, 个股涨幅 1.85%",,,否,,
2026-07-23 03:45:07,601003,柳钢股份,普钢,2.02,90.72,均线未呈多头排列,,,否,,
2026-07-23 03:45:07,601330,绿色动力,环境治理,1.84,71.21,流通市值不足 80 亿,,,否,,
2026-07-23 03:45:07,600117,西宁特钢,特钢Ⅱ,1.83,72.26,流通市值不足 80 亿,,,否,,
2026-07-23 03:45:07,600961,株冶集团,工业金属,1.83,179.76,"板块均值 3.46%, 个股涨幅 1.83%",,,否,,
2026-07-23 03:45:07,002538,ST司特,农化制品,1.82,52.37,ST股,,,否,,
2026-07-23 03:45:07,000049,德赛电池,电池,1.81,92.9,"板块均值 2.57%, 个股涨幅 1.81%",,,否,,
2026-07-23 03:45:07,600392,盛和资源,小金属,1.81,375.1,"板块均值 2.06%, 个股涨幅 1.81%",,,否,,
2026-07-23 03:45:07,600435,北方导航,地面兵装Ⅱ,1.81,153.5,"板块均值 2.36%, 个股涨幅 1.81%",,,否,,
2026-07-23 03:45:07,000868,安凯客车,商用车,1.8,31.85,流通市值不足 80 亿,,,否,,
2026-07-23 03:45:07,600871,石化油服,油服工程,1.78,310.23,"板块均值 4.99%, 个股涨幅 1.78%",,,否,,
2026-07-23 03:45:07,600569,安阳钢铁,普钢,1.78,49.41,流通市值不足 80 亿,,,否,,
2026-07-23 03:45:07,002097,山河智能,工程机械,1.77,73.9,流通市值不足 80 亿,,,否,,
2026-07-23 03:45:07,601609,金田股份,工业金属,1.77,169.23,"板块均值 3.46%, 个股涨幅 1.77%",,,否,,
2026-07-23 03:45:07,600339,中油工程,油服工程,1.76,193.18,"板块均值 4.99%, 个股涨幅 1.76%",,,否,,
2026-07-23 03:45:07,600808,马钢股份,普钢,1.98,153.97,均线未向上倾斜,,,否,,
2026-07-23 03:45:07,000060,中金岭南,工业金属,1.75,283.34,"板块均值 3.46%, 个股涨幅 1.75%",,,否,,
2026-07-23 03:45:07,002075,沙钢股份,特钢Ⅱ,1.74,77.0,流通市值不足 80 亿,,,否,,
2026-07-23 03:45:07,002312,川发龙蟒,农化制品,1.73,155.23,"板块均值 2.21%, 个股涨幅 1.73%",,,否,,
2026-07-23 03:45:07,600303,曙光股份,商用车,1.72,15.99,流通市值不足 80 亿,,,否,,
2026-07-23 03:45:07,600531,豫光金铅,工业金属,1.72,143.42,"板块均值 3.46%, 个股涨幅 1.72%",,,否,,
2026-07-23 03:45:07,002857,三晖电气,电网设备,1.71,18.31,流通市值不足 80 亿,,,否,,
2026-07-23 03:45:07,600058,五矿发展,贸易Ⅱ,1.7,89.61,"板块均值 2.35%, 个股涨幅 1.70%",,,否,,
2026-07-23 03:45:07,605166,聚合顺,化学纤维,1.7,24.45,流通市值不足 80 亿,,,否,,
2026-07-23 03:45:07,601808,中海油服,油服工程,1.7,372.72,"板块均值 4.99%, 个股涨幅 1.70%",,,否,,
2026-07-23 03:45:07,600803,新奥股份,燃气Ⅱ,1.7,533.87,"板块均值 2.18%, 个股涨幅 1.70%",,,否,,
2026-07-23 03:45:07,000955,欣龙控股,纺织制造,1.69,19.43,流通市值不足 80 亿,,,否,,
2026-07-23 03:45:07,601311,骆驼股份,电池,1.69,91.97,"板块均值 2.57%, 个股涨幅 1.69%",,,否,,
2026-07-23 03:45:07,002988,豪美新材,工业金属,1.69,48.21,流通市值不足 80 亿,,,否,,
2026-07-23 03:45:07,002706,良信股份,电网设备,1.69,82.48,"板块均值 3.96%, 个股涨幅 1.69%",,,否,,
2026-07-23 03:45:07,002041,登海种业,种植业,1.67,75.06,流通市值不足 80 亿,,,否,,
2026-07-23 03:45:07,002090,金智科技,电网设备,1.67,33.93,流通市值不足 80 亿,,,否,,
2026-07-23 03:45:07,000959,首钢股份,普钢,2.14,284.65,周线未呈多头排列,,,否,,
2026-07-23 03:45:07,600386,北巴传媒,汽车服务,1.66,24.76,流通市值不足 80 亿,,,否,,
2026-07-23 03:45:07,001299,美能能源,燃气Ⅱ,1.65,26.11,流通市值不足 80 亿,,,否,,
2026-07-23 03:45:07,600406,国电南瑞,电网设备,1.64,1933.17,"板块均值 3.96%, 个股涨幅 1.64%",,,否,,
2026-07-23 03:45:07,000525,红太阳,农化制品,1.64,48.14,流通市值不足 80 亿,,,否,,
2026-07-23 03:45:07,601222,林洋能源,电网设备,1.64,114.1,"板块均值 3.96%, 个股涨幅 1.64%",,,否,,
2026-07-23 03:45:07,603299,苏盐井神,化学原料,1.63,73.06,流通市值不足 80 亿,,,否,,
2026-07-23 03:45:07,603393,新天然气,燃气Ⅱ,1.62,108.78,"板块均值 2.18%, 个股涨幅 1.62%",,,否,,
2026-07-23 03:45:07,002487,大金重工,风电设备,1.62,237.98,"板块均值 1.80%, 个股涨幅 1.62%",,,否,,
2026-07-23 03:45:07,002170,芭田股份,农化制品,1.62,88.68,"板块均值 2.21%, 个股涨幅 1.62%",,,否,,
2026-07-23 03:45:07,002391,长青股份,农化制品,1.61,23.44,流通市值不足 80 亿,,,否,,
2026-07-23 03:45:07,002295,精艺股份,工业金属,1.61,18.93,流通市值不足 80 亿,,,否,,
2026-07-23 03:45:07,600371,万向德农,种植业,1.6,18.55,流通市值不足 80 亿,,,否,,
2026-07-23 03:45:07,600623,华谊集团,化学原料,1.6,155.15,"板块均值 2.74%, 个股涨幅 1.60%",,,否,,
2026-07-23 03:45:07,003039,顺控发展,环境治理,1.58,71.32,流通市值不足 80 亿,,,否,,
2026-07-23 03:45:07,605080,浙江自然,文娱用品,1.58,27.89,流通市值不足 80 亿,,,否,,
2026-07-23 03:45:07,603055,台华新材,纺织制造,1.58,74.07,流通市值不足 80 亿,,,否,,
2026-07-23 03:45:07,603381,永臻股份,光伏设备,1.57,19.36,流通市值不足 80 亿,,,否,,
2026-07-23 03:45:07,603810,丰山集团,农化制品,1.57,17.11,流通市值不足 80 亿,,,否,,
2026-07-23 03:45:07,002942,新农股份,农化制品,1.56,18.94,流通市值不足 80 亿,,,否,,
2026-07-23 03:45:07,600426,华鲁恒升,农化制品,1.54,596.38,"板块均值 2.21%, 个股涨幅 1.54%",,,否,,
2026-07-23 03:45:07,002378,章源钨业,小金属,1.54,275.48,"板块均值 2.06%, 个股涨幅 1.54%",,,否,,
2026-07-23 03:45:07,600006,东风股份,商用车,1.53,106.2,"板块均值 2.15%, 个股涨幅 1.53%",,,否,,
2026-07-23 03:45:07,603599,广信股份,农化制品,1.52,97.03,"板块均值 2.21%, 个股涨幅 1.52%",,,否,,
2026-07-23 03:45:07,605305,中际联合,工程机械,1.52,83.95,"板块均值 2.22%, 个股涨幅 1.52%",,,否,,
2026-07-23 03:45:07,000782,恒申新材,化学纤维,1.51,32.01,流通市值不足 80 亿,,,否,,
2026-07-23 03:45:07,600278,东方创业,贸易Ⅱ,1.51,52.23,流通市值不足 80 亿,,,否,,
2026-07-23 03:45:07,603611,诺力股份,工程机械,1.51,41.68,流通市值不足 80 亿,,,否,,
2026-07-23 03:45:07,601952,苏垦农发,种植业,1.5,111.62,"板块均值 1.80%, 个股涨幅 1.50%",,,否,,
2026-07-23 03:45:07,002149,西部材料,小金属,1.49,159.08,"板块均值 2.06%, 个股涨幅 1.49%",,,否,,
2026-07-23 03:45:07,000422,湖北宜化,农化制品,1.49,136.68,"板块均值 2.21%, 个股涨幅 1.49%",,,否,,
2026-07-23 03:45:07,600681,百川能源,燃气Ⅱ,1.49,45.69,流通市值不足 80 亿,,,否,,
2026-07-23 03:45:07,002274,华昌化工,化学原料,1.49,51.11,流通市值不足 80 亿,,,否,,
2026-07-23 03:45:07,000009,中国宝安,电池,1.48,159.46,"板块均值 2.57%, 个股涨幅 1.48%",,,否,,
2026-07-23 03:45:07,600241,时代万恒,电池,1.48,18.22,流通市值不足 80 亿,,,否,,
2026-07-23 03:45:07,003038,鑫铂股份,工业金属,1.47,15.84,流通市值不足 80 亿,,,否,,
2026-07-23 03:45:07,605378,野马电池,电池,1.47,32.41,流通市值不足 80 亿,,,否,,
2026-07-23 03:45:07,603032,德新科技,电池,1.44,39.24,流通市值不足 80 亿,,,否,,
2026-07-23 03:45:07,600782,新钢股份,普钢,1.43,89.02,"板块均值 1.74%, 个股涨幅 1.43%",,,否,,
2026-07-23 03:45:07,603382,海阳科技,化学纤维,1.43,18.79,流通市值不足 80 亿,,,否,,
2026-07-23 03:45:07,001312,福恩股份,纺织制造,1.42,9.79,流通市值不足 80 亿,,,否,,
2026-07-23 03:45:07,603332,苏州龙杰,化学纤维,1.42,21.61,流通市值不足 80 亿,,,否,,
2026-07-23 03:45:07,600547,山东黄金,贵金属,1.42,1004.45,"板块均值 3.25%, 个股涨幅 1.42%",,,否,,
2026-07-23 03:45:07,600307,酒钢宏兴,普钢,1.41,90.19,"板块均值 1.74%, 个股涨幅 1.41%",,,否,,
2026-07-23 03:45:07,600746,江苏索普,化学原料,1.4,76.38,流通市值不足 80 亿,,,否,,
2026-07-23 03:45:07,603194,中力股份,工程机械,1.4,52.8,流通市值不足 80 亿,,,否,,
2026-07-23 03:45:07,000809,和展能源,风电设备,1.4,23.84,流通市值不足 80 亿,,,否,,
2026-07-23 03:45:07,603053,成都燃气,燃气Ⅱ,1.39,78.04,流通市值不足 80 亿,,,否,,
2026-07-23 03:45:07,603218,XD日月股,风电设备,1.39,97.75,"板块均值 1.80%, 个股涨幅 1.39%",,,否,,
2026-07-23 03:45:07,603086,先达股份,农化制品,1.38,22.35,流通市值不足 80 亿,,,否,,
2026-07-23 03:45:07,603092,德力佳,风电设备,1.38,16.27,流通市值不足 80 亿,,,否,,
2026-07-23 03:45:07,600981,苏豪汇鸿,贸易Ⅱ,1.38,49.56,流通市值不足 80 亿,,,否,,
2026-07-23 03:45:07,600935,华塑股份,化学原料,1.36,78.57,流通市值不足 80 亿,,,否,,
2026-07-23 03:45:07,603689,皖天然气,燃气Ⅱ,1.36,39.1,流通市值不足 80 亿,,,否,,
2026-07-23 03:45:07,002999,天禾股份,农化制品,1.35,18.07,流通市值不足 80 亿,,,否,,
2026-07-23 03:45:07,002895,川恒股份,农化制品,1.34,203.37,"板块均值 2.21%, 个股涨幅 1.34%",,,否,,
2026-07-23 03:45:07,002601,龙佰集团,化学原料,1.33,332.72,"板块均值 2.74%, 个股涨幅 1.33%",,,否,,
2026-07-23 03:45:07,000576,甘化科工,地面兵装Ⅱ,1.3,27.11,流通市值不足 80 亿,,,否,,
2026-07-23 03:45:07,603080,新疆火炬,燃气Ⅱ,1.3,25.37,流通市值不足 80 亿,,,否,,
2026-07-23 03:45:07,002237,恒邦股份,贵金属,1.3,158.46,"板块均值 3.25%, 个股涨幅 1.30%",,,否,,
2026-07-23 03:45:07,600448,华纺股份,纺织制造,1.28,14.99,流通市值不足 80 亿,,,否,,
2026-07-23 03:45:07,600883,博闻科技,种植业,1.27,15.09,流通市值不足 80 亿,,,否,,
2026-07-23 03:45:07,600359,新农开发,种植业,1.27,21.25,流通市值不足 80 亿,,,否,,
2026-07-23 03:45:07,000545,金浦钛业,化学原料,1.26,23.75,流通市值不足 80 亿,,,否,,
2026-07-23 03:45:07,002386,天原股份,化学原料,1.26,73.14,流通市值不足 80 亿,,,否,,
2026-07-23 03:45:07,002125,湘潭电化,电池,1.25,76.24,流通市值不足 80 亿,,,否,,
2026-07-23 03:45:07,601139,深圳燃气,燃气Ⅱ,1.25,186.7,"板块均值 2.18%, 个股涨幅 1.25%",,,否,,
2026-07-23 03:45:07,002203,海亮股份,工业金属,1.25,411.68,"板块均值 3.46%, 个股涨幅 1.25%",,,否,,
2026-07-23 03:45:07,600869,远东股份,电网设备,1.25,342.67,"板块均值 3.96%, 个股涨幅 1.25%",,,否,,
2026-07-23 03:45:07,605033,美邦股份,农化制品,1.24,22.05,流通市值不足 80 亿,,,否,,
2026-07-23 03:45:07,600987,航民股份,纺织制造,1.24,66.66,流通市值不足 80 亿,,,否,,
2026-07-23 03:45:07,600335,国机汽车,汽车服务,1.22,73.93,流通市值不足 80 亿,,,否,,
2026-07-23 03:45:07,600184,光电股份,地面兵装Ⅱ,1.2,97.96,"板块均值 2.36%, 个股涨幅 1.20%",,,否,,
2026-07-23 03:45:07,603706,东方环宇,燃气Ⅱ,1.2,35.07,流通市值不足 80 亿,,,否,,
2026-07-23 03:45:07,605368,蓝天燃气,燃气Ⅱ,1.2,48.24,流通市值不足 80 亿,,,否,,
2026-07-23 03:45:07,000707,双环科技,化学原料,1.2,23.24,流通市值不足 80 亿,,,否,,
2026-07-23 03:45:07,601686,友发集团,普钢,1.18,76.19,流通市值不足 80 亿,,,否,,
2026-07-23 03:45:07,000695,滨海能源,电池,1.17,28.79,流通市值不足 80 亿,,,否,,
2026-07-23 03:45:07,002206,海 利 得,化学纤维,1.17,54.86,流通市值不足 80 亿,,,否,,
2026-07-23 03:45:07,000510,新金路,化学原料,1.16,94.87,"板块均值 2.74%, 个股涨幅 1.16%",,,否,,
2026-07-23 03:45:07,001239,永达股份,工程机械,1.16,12.9,流通市值不足 80 亿,,,否,,
2026-07-23 03:45:07,603298,杭叉集团,工程机械,1.15,355.88,"板块均值 2.22%, 个股涨幅 1.15%",,,否,,
2026-07-23 03:45:07,001300,三柏硕,文娱用品,1.15,23.62,流通市值不足 80 亿,,,否,,
2026-07-23 03:45:07,603177,德创环保,环境治理,1.14,16.25,流通市值不足 80 亿,,,否,,
2026-07-23 03:45:07,603063,禾望电气,风电设备,1.12,138.16,"板块均值 1.80%, 个股涨幅 1.12%",,,否,,
2026-07-23 03:45:07,600367,红星发展,化学原料,1.12,98.43,"板块均值 2.74%, 个股涨幅 1.12%",,,否,,
2026-07-23 03:45:07,000825,太钢不锈,特钢Ⅱ,1.12,205.06,"板块均值 2.63%, 个股涨幅 1.12%",,,否,,
2026-07-23 03:45:07,002749,国光股份,农化制品,1.11,44.58,流通市值不足 80 亿,,,否,,
2026-07-23 03:45:07,601568,北元化工,化学原料,1.11,144.19,"板块均值 2.74%, 个股涨幅 1.11%",,,否,,
2026-07-23 03:45:07,600128,苏豪弘业,贸易Ⅱ,1.11,17.96,流通市值不足 80 亿,,,否,,
2026-07-23 03:45:07,002267,陕天然气,燃气Ⅱ,1.11,80.74,"板块均值 2.18%, 个股涨幅 1.11%",,,否,,
2026-07-23 03:45:07,600461,洪城环境,环境治理,1.09,118.91,"板块均值 1.57%, 个股涨幅 1.09%",,,否,,
2026-07-23 03:45:07,600456,宝钛股份,小金属,1.09,132.92,"板块均值 2.06%, 个股涨幅 1.09%",,,否,,
2026-07-23 03:45:07,000713,国投丰乐,种植业,1.08,34.63,流通市值不足 80 亿,,,否,,
2026-07-23 03:45:07,601567,三星电气,电网设备,1.07,212.19,"板块均值 3.96%, 个股涨幅 1.07%",,,否,,
2026-07-23 03:45:07,002091,江苏国泰,贸易Ⅱ,1.07,121.46,"板块均值 2.35%, 个股涨幅 1.07%",,,否,,
2026-07-23 03:45:07,000831,中国稀土,小金属,1.05,529.34,"板块均值 2.06%, 个股涨幅 1.05%",,,否,,
2026-07-23 03:45:07,601121,宝地矿业,冶钢原料,1.05,54.0,流通市值不足 80 亿,,,否,,
2026-07-23 03:45:07,600008,首创环保,环境治理,1.04,213.61,"板块均值 1.57%, 个股涨幅 1.04%",,,否,,
2026-07-23 03:45:07,000850,华茂股份,纺织制造,1.03,37.07,流通市值不足 80 亿,,,否,,
2026-07-23 03:45:07,002258,利尔化学,农化制品,1.02,111.24,"板块均值 2.21%, 个股涨幅 1.02%",,,否,,
2026-07-23 03:45:07,000957,中通客车,商用车,1.02,58.82,流通市值不足 80 亿,,,否,,
2026-07-23 03:45:07,603806,福斯特,光伏设备,1.01,366.27,"板块均值 1.34%, 个股涨幅 1.01%",,,否,,
2026-07-23 03:45:07,002171,楚江新材,工业金属,1.0,146.53,"板块均值 3.46%, 个股涨幅 1.00%",,,否,,
2026-07-23 03:45:07,600459,贵研铂业,小金属,0.99,139.48,"板块均值 2.06%, 个股涨幅 0.99%",,,否,,
2026-07-23 03:45:07,600527,江南高纤,纺织制造,0.98,35.67,流通市值不足 80 亿,,,否,,
2026-07-23 03:45:07,600328,中盐化工,化学原料,0.97,91.94,"板块均值 2.74%, 个股涨幅 0.97%",,,否,,
2026-07-23 03:45:07,003042,中农联合,农化制品,0.97,14.15,流通市值不足 80 亿,,,否,,
2026-07-23 03:45:07,000544,中原环保,环境治理,0.97,71.25,流通市值不足 80 亿,,,否,,
2026-07-23 03:45:07,002098,浔兴股份,纺织制造,0.97,22.27,流通市值不足 80 亿,,,否,,
2026-07-23 03:45:07,002428,云南锗业,小金属,0.96,495.78,"板块均值 2.06%, 个股涨幅 0.96%",,,否,,
2026-07-23 03:45:07,002748,世龙实业,化学原料,0.96,22.8,流通市值不足 80 亿,,,否,,
2026-07-23 03:45:07,002074,国轩高科,电池,0.96,491.32,"板块均值 2.57%, 个股涨幅 0.96%",,,否,,
2026-07-23 03:45:07,600295,鄂尔多斯,冶钢原料,0.95,251.49,"板块均值 2.66%, 个股涨幅 0.95%",,,否,,
2026-07-23 03:45:07,000885,城发环境,环境治理,0.95,81.48,"板块均值 1.57%, 个股涨幅 0.95%",,,否,,
2026-07-23 03:45:07,603238,诺邦股份,纺织制造,0.94,19.1,流通市值不足 80 亿,,,否,,
2026-07-23 03:45:07,600537,*ST亿晶,光伏设备,0.93,25.57,ST股,,,否,,
2026-07-23 03:45:07,603759,海天股份,环境治理,0.9,31.21,流通市值不足 80 亿,,,否,,
2026-07-23 03:45:07,600635,大众公用,燃气Ⅱ,0.89,109.33,"板块均值 2.18%, 个股涨幅 0.89%",,,否,,
2026-07-23 03:45:07,601069,西部黄金,贵金属,0.88,214.43,"板块均值 3.25%, 个股涨幅 0.88%",,,否,,
2026-07-23 03:45:07,600884,杉杉股份,电池,0.88,231.96,"板块均值 2.57%, 个股涨幅 0.88%",,,否,,
2026-07-23 03:45:07,603185,弘元绿能,光伏设备,0.87,94.32,"板块均值 1.34%, 个股涨幅 0.87%",,,否,,
2026-07-23 03:45:07,000998,隆平高科,种植业,0.85,109.23,"板块均值 1.80%, 个股涨幅 0.85%",,,否,,
2026-07-23 03:45:07,603077,和邦生物,农化制品,0.85,210.19,"板块均值 2.21%, 个股涨幅 0.85%",,,否,,
2026-07-23 03:45:07,601865,福莱特,光伏设备,0.84,182.88,"板块均值 1.34%, 个股涨幅 0.84%",,,否,,
2026-07-23 03:45:07,000685,中山公用,环境治理,0.84,134.88,"板块均值 1.57%, 个股涨幅 0.84%",,,否,,
2026-07-23 03:45:07,601005,重庆钢铁,普钢,0.84,99.76,"板块均值 1.74%, 个股涨幅 0.84%",,,否,,
2026-07-23 03:45:07,002103,广博股份,文娱用品,0.84,23.37,流通市值不足 80 亿,,,否,,
2026-07-23 03:45:07,600917,重庆燃气,燃气Ⅱ,0.83,75.55,流通市值不足 80 亿,,,否,,
2026-07-23 03:45:07,603556,海兴电力,电网设备,0.83,112.86,"板块均值 3.96%, 个股涨幅 0.83%",,,否,,
2026-07-23 03:45:07,603970,中农立华,农化制品,0.82,26.45,流通市值不足 80 亿,,,否,,
2026-07-23 03:45:07,000683,博源化工,化学原料,0.81,206.88,"板块均值 2.74%, 个股涨幅 0.81%",,,否,,
2026-07-23 03:45:07,600486,扬农化工,农化制品,0.8,228.93,"板块均值 2.21%, 个股涨幅 0.80%",,,否,,
2026-07-23 03:45:07,000553,安道麦A,农化制品,0.79,111.68,"板块均值 2.21%, 个股涨幅 0.79%",,,否,,
2026-07-23 03:45:07,603291,联合水务,环境治理,0.77,33.18,流通市值不足 80 亿,,,否,,
2026-07-23 03:45:07,002842,翔鹭钨业,小金属,0.77,84.24,"板块均值 2.06%, 个股涨幅 0.77%",,,否,,
2026-07-23 03:45:07,600022,山东钢铁,普钢,0.75,144.43,"板块均值 1.74%, 个股涨幅 0.75%",,,否,,
2026-07-23 03:45:07,600874,创业环保,环境治理,0.73,67.8,流通市值不足 80 亿,,,否,,
2026-07-23 03:45:07,600287,苏豪时尚,贸易Ⅱ,0.73,18.08,流通市值不足 80 亿,,,否,,
2026-07-23 03:45:07,600168,武汉控股,环境治理,0.72,41.82,流通市值不足 80 亿,,,否,,
2026-07-23 03:45:07,001269,欧晶科技,光伏设备,0.72,32.42,流通市值不足 80 亿,,,否,,
2026-07-23 03:45:07,601200,上海环境,环境治理,0.72,94.24,"板块均值 1.57%, 个股涨幅 0.72%",,,否,,
2026-07-23 03:45:07,600549,厦门钨业,小金属,0.71,775.57,"板块均值 2.06%, 个股涨幅 0.71%",,,否,,
2026-07-23 03:45:07,603985,恒润股份,风电设备,0.7,69.74,流通市值不足 80 亿,,,否,,
2026-07-23 03:45:07,601599,浙文影业,纺织制造,0.7,33.19,流通市值不足 80 亿,,,否,,
2026-07-23 03:45:07,000726,鲁  泰Ａ,纺织制造,0.69,34.24,流通市值不足 80 亿,,,否,,
2026-07-23 03:45:07,000731,四川美丰,农化制品,0.68,32.44,流通市值不足 80 亿,,,否,,
2026-07-23 03:45:07,600598,北大荒,种植业,0.67,214.57,"板块均值 1.80%, 个股涨幅 0.67%",,,否,,
2026-07-23 03:45:07,001230,劲旅环境,环境治理,0.67,18.06,流通市值不足 80 亿,,,否,,
2026-07-23 03:45:07,601827,三峰环境,环境治理,0.63,132.58,"板块均值 1.57%, 个股涨幅 0.63%",,,否,,
2026-07-23 03:45:07,603406,天富龙,化学纤维,0.6,9.85,流通市值不足 80 亿,,,否,,
2026-07-23 03:45:07,600847,万里股份,电池,0.59,15.64,流通市值不足 80 亿,,,否,,
2026-07-23 03:45:07,603073,彩蝶实业,化学纤维,0.58,7.0,流通市值不足 80 亿,,,否,,
2026-07-23 03:45:07,002042,华孚时尚,纺织制造,0.56,61.05,流通市值不足 80 亿,,,否,,
2026-07-23 03:45:07,000550,江铃汽车,商用车,0.55,84.98,"板块均值 2.15%, 个股涨幅 0.55%",,,否,,
2026-07-23 03:45:07,603797,联泰环保,环境治理,0.55,21.1,流通市值不足 80 亿,,,否,,
2026-07-23 03:45:07,001257,盛龙股份,小金属,0.55,35.2,流通市值不足 80 亿,,,否,,
2026-07-23 03:45:07,603407,长裕集团,小金属,0.53,23.23,流通市值不足 80 亿,,,否,,
2026-07-23 03:45:07,600968,海油发展,油服工程,0.52,395.42,"板块均值 4.99%, 个股涨幅 0.52%",,,否,,
2026-07-23 03:45:07,603280,南方路机,工程机械,0.52,25.28,流通市值不足 80 亿,,,否,,
2026-07-23 03:45:07,605055,迎丰股份,纺织制造,0.49,36.12,流通市值不足 80 亿,,,否,,
2026-07-23 03:45:07,000800,一汽解放,商用车,0.48,311.49,"板块均值 2.15%, 个股涨幅 0.48%",,,否,,
2026-07-23 03:45:07,002215,诺 普 信,种植业,0.47,69.43,流通市值不足 80 亿,,,否,,
2026-07-23 03:45:07,600581,*ST八钢,普钢,0.46,33.72,ST股,,,否,,
2026-07-23 03:45:07,002254,泰和新材,化学纤维,0.45,95.02,"板块均值 1.11%, 个股涨幅 0.45%",,,否,,
2026-07-23 03:45:07,002828,贝肯能源,油服工程,0.43,23.54,流通市值不足 80 亿,,,否,,
2026-07-23 03:45:07,000936,华西股份,化学纤维,0.42,42.26,流通市值不足 80 亿,,,否,,
2026-07-23 03:45:07,600516,方大炭素,冶钢原料,0.39,206.93,"板块均值 2.66%, 个股涨幅 0.39%",,,否,,
2026-07-23 03:45:07,001368,通达创智,文娱用品,0.37,20.67,流通市值不足 80 亿,,,否,,
2026-07-23 03:45:07,603899,晨光股份,文娱用品,0.36,206.6,"板块均值 1.59%, 个股涨幅 0.36%",,,否,,
2026-07-23 03:45:07,603577,汇金通,电网设备,0.34,30.18,流通市值不足 80 亿,,,否,,
2026-07-23 03:45:07,600217,中再资环,环境治理,0.33,50.89,流通市值不足 80 亿,,,否,,
2026-07-23 03:45:07,002573,清新环境,环境治理,0.32,44.23,流通市值不足 80 亿,,,否,,
2026-07-23 03:45:07,600769,祥龙电业,环境治理,0.31,49.31,流通市值不足 80 亿,,,否,,
2026-07-23 03:45:07,605180,华生科技,纺织制造,0.3,17.2,流通市值不足 80 亿,,,否,,
2026-07-23 03:45:07,002168,ST惠程,电网设备,0.29,27.05,ST股,,,否,,
2026-07-23 03:45:07,000680,山推股份,工程机械,0.28,142.38,"板块均值 2.22%, 个股涨幅 0.28%",,,否,,
2026-07-23 03:45:07,600822,上海物贸,汽车服务,0.25,31.34,流通市值不足 80 亿,,,否,,
2026-07-23 03:45:07,600418,江淮汽车,商用车,0.24,451.22,"板块均值 2.15%, 个股涨幅 0.24%",,,否,,
2026-07-23 03:45:07,002183,怡 亚 通,贸易Ⅱ,0.23,113.49,"板块均值 2.35%, 个股涨幅 0.23%",,,否,,
2026-07-23 03:45:07,601368,绿城水务,环境治理,0.23,37.97,流通市值不足 80 亿,,,否,,
2026-07-23 03:45:07,603213,镇洋发展,化学原料,0.22,60.73,流通市值不足 80 亿,,,否,,
2026-07-23 03:45:07,002887,绿茵生态,环境治理,0.21,20.96,流通市值不足 80 亿,,,否,,
2026-07-23 03:45:07,600525,ST长园,电网设备,0.21,62.38,ST股,,,否,,
2026-07-23 03:45:07,000605,渤海股份,环境治理,0.19,18.37,流通市值不足 80 亿,,,否,,
2026-07-23 03:45:07,002459,晶澳科技,光伏设备,0.14,241.39,"板块均值 1.34%, 个股涨幅 0.14%",,,否,,
2026-07-23 03:45:07,002301,齐心集团,文娱用品,0.14,50.33,流通市值不足 80 亿,,,否,,
2026-07-23 03:45:07,600283,钱江水利,环境治理,0.13,42.73,流通市值不足 80 亿,,,否,,
2026-07-23 03:45:07,000818,航锦科技,化学原料,0.08,82.93,"板块均值 2.74%, 个股涨幅 0.08%",,,否,,
2026-07-23 03:45:07,601033,永兴股份,环境治理,0.07,34.2,流通市值不足 80 亿,,,否,,
2026-07-23 03:45:07,002144,宏达高科,纺织制造,0.0,12.72,流通市值不足 80 亿,,,否,,
2026-07-23 03:45:07,603273,天元智能,工程机械,0.0,6.97,流通市值不足 80 亿,,,否,,
2026-07-23 03:45:07,605090,九丰能源,燃气Ⅱ,0.0,235.24,"板块均值 2.18%, 个股涨幅 0.00%",,,否,,
2026-07-23 03:45:07,000593,德龙汇能,燃气Ⅱ,0.0,70.05,流通市值不足 80 亿,,,否,,
2026-07-23 03:45:07,002266,浙富控股,环境治理,0.0,218.88,"板块均值 1.57%, 个股涨幅 0.00%",,,否,,
2026-07-23 03:45:07,603333,福华尚纬,电网设备,-0.12,51.4,流通市值不足 80 亿,,,否,,
2026-07-23 03:45:07,600323,瀚蓝环境,环境治理,-0.13,245.66,"板块均值 1.57%, 个股涨幅 -0.13%",,,否,,
2026-07-23 03:45:07,001222,源飞宠物,文娱用品,-0.15,14.86,流通市值不足 80 亿,,,否,,
2026-07-23 03:45:07,601012,隆基绿能,光伏设备,-0.16,951.05,"板块均值 1.34%, 个股涨幅 -0.16%",,,否,,
2026-07-23 03:45:07,001238,浙江正特,文娱用品,-0.17,33.6,流通市值不足 80 亿,,,否,,
2026-07-23 03:45:07,001231,农心科技,农化制品,-0.18,8.59,流通市值不足 80 亿,,,否,,
2026-07-23 03:45:07,601158,重庆水务,环境治理,-0.24,203.04,"板块均值 1.57%, 个股涨幅 -0.24%",,,否,,
2026-07-23 03:45:07,605069,正和生态,环境治理,-0.32,19.96,流通市值不足 80 亿,,,否,,
2026-07-23 03:45:07,002862,实丰文化,文娱用品,-0.34,15.25,流通市值不足 80 亿,,,否,,
2026-07-23 03:45:07,601199,江南水务,环境治理,-0.35,52.84,流通市值不足 80 亿,,,否,,
2026-07-23 03:45:07,002056,横店东磁,光伏设备,-0.37,351.33,"板块均值 1.34%, 个股涨幅 -0.37%",,,否,,
2026-07-23 03:45:07,001226,拓山重工,工程机械,-0.38,12.55,流通市值不足 80 亿,,,否,,
2026-07-23 03:45:07,002443,金洲管道,特钢Ⅱ,-0.38,40.97,流通市值不足 80 亿,,,否,,
2026-07-23 03:45:07,600031,三一重工,工程机械,-0.45,1674.54,"板块均值 2.22%, 个股涨幅 -0.45%",,,否,,
2026-07-23 03:45:07,002346,柘中股份,电网设备,-0.47,66.07,流通市值不足 80 亿,,,否,,
2026-07-23 03:45:07,001390,古麒绒材,纺织制造,-0.47,20.11,流通市值不足 80 亿,,,否,,
2026-07-23 03:45:07,605208,永茂泰,工业金属,-0.56,40.71,流通市值不足 80 亿,,,否,,
2026-07-23 03:45:07,000902,新洋丰,农化制品,-0.58,157.13,"板块均值 2.21%, 个股涨幅 -0.58%",,,否,,
2026-07-23 03:45:07,603638,艾迪精密,工程机械,-0.58,165.83,"板块均值 2.22%, 个股涨幅 -0.58%",,,否,,
2026-07-23 03:45:07,600493,凤竹纺织,纺织制造,-0.58,13.87,流通市值不足 80 亿,,,否,,
2026-07-23 03:45:07,603225,新凤鸣,化学纤维,-0.64,309.85,"板块均值 1.11%, 个股涨幅 -0.64%",,,否,,
2026-07-23 03:45:07,002824,和胜股份,工业金属,-0.67,53.65,流通市值不足 80 亿,,,否,,
2026-07-23 03:45:07,002129,TCL中环,光伏设备,-0.69,350.25,"板块均值 1.34%, 个股涨幅 -0.69%",,,否,,
2026-07-23 03:45:07,603938,三孚股份,化学原料,-0.74,158.18,"板块均值 2.74%, 个股涨幅 -0.74%",,,否,,
2026-07-23 03:45:07,603067,振华股份,化学原料,-0.76,236.93,"板块均值 2.74%, 个股涨幅 -0.76%",,,否,,
2026-07-23 03:45:07,605196,华通线缆,电网设备,-0.78,148.46,"板块均值 3.96%, 个股涨幅 -0.78%",,,否,,
2026-07-23 03:45:07,603639,XD海利尔,农化制品,-0.79,34.36,流通市值不足 80 亿,,,否,,
2026-07-23 03:45:07,605389,长龄液压,工程机械,-0.87,126.77,"板块均值 2.22%, 个股涨幅 -0.87%",,,否,,
2026-07-23 03:45:07,002167,东方锆业,小金属,-0.88,128.6,"板块均值 2.06%, 个股涨幅 -0.88%",,,否,,
2026-07-23 03:45:07,000657,中钨高新,小金属,-0.91,836.52,"板块均值 2.06%, 个股涨幅 -0.91%",,,否,,
2026-07-23 03:45:07,002973,侨银股份,环境治理,-0.98,28.78,流通市值不足 80 亿,,,否,,
2026-07-23 03:45:07,002245,蔚蓝锂芯,电池,-1.07,268.62,"板块均值 2.57%, 个股涨幅 -1.07%",,,否,,
2026-07-23 03:45:07,000677,ST海龙,化学纤维,-1.27,13.39,ST股,,,否,,
2026-07-23 03:45:07,002079,苏州固锝,光伏设备,-1.36,70.47,流通市值不足 80 亿,,,否,,
2026-07-23 03:45:07,603663,三祥新材,化学原料,-1.38,246.05,"板块均值 2.74%, 个股涨幅 -1.38%",,,否,,
2026-07-23 03:45:07,601339,百隆东方,纺织制造,-1.57,112.92,"板块均值 1.79%, 个股涨幅 -1.57%",,,否,,
2026-07-23 03:45:07,600732,爱旭股份,光伏设备,-1.61,244.42,"板块均值 1.34%, 个股涨幅 -1.61%",,,否,,
2026-07-23 03:45:07,600126,杭钢股份,普钢,-1.82,218.17,"板块均值 1.74%, 个股涨幅 -1.82%",,,否,,
2026-07-23 03:45:07,600370,*ST三房,化学纤维,-1.88,63.16,ST股,,,否,,
2026-07-23 03:45:07,603903,中持股份,环境治理,-2.1,30.94,流通市值不足 80 亿,,,否,,
2026-07-23 03:45:07,601615,明阳智能,风电设备,-2.53,252.61,"板块均值 1.80%, 个股涨幅 -2.53%",,,否,,
2026-07-23 03:45:07,603336,宏辉果蔬,种植业,-2.7,48.21,流通市值不足 80 亿,,,否,,
2026-07-23 03:45:07,600187,*ST国中,环境治理,-2.82,22.27,ST股,,,否,,
2026-07-23 03:45:07,603398,*ST沐邦,光伏设备,-3.16,34.6,ST股,,,否,,
2026-07-23 03:45:07,002980,华盛昌,电网设备,-3.2,85.77,"板块均值 3.96%, 个股涨幅 -3.20%",,,否,,
2026-07-23 03:45:07,001369,双欣材料,化学纤维,-3.68,26.6,流通市值不足 80 亿,,,否,,
2026-07-23 03:45:07,001331,胜通能源,燃气Ⅱ,-4.06,126.45,"板块均值 2.18%, 个股涨幅 -4.06%",,,否,,
2026-07-23 03:45:07,002250,联化科技,农化制品,-4.5,140.6,"板块均值 2.21%, 个股涨幅 -4.50%",,,否,,
2026-07-23 03:45:07,603031,安孚科技,电池,-4.85,116.61,"板块均值 2.57%, 个股涨幅 -4.85%",,,否,,
2026-07-23 03:45:07,000420,吉林化纤,化学纤维,1.94,90.46,均线未呈多头排列,,,否,,
2026-07-23 03:45:07,000778,新兴铸管,普钢,1.86,149.51,均线未向上倾斜,,,否,,
2026-07-23 03:45:07,000598,兴蓉环境,环境治理,2.07,221.09,近20日无涨停,,,否,,
2026-07-23 03:45:07,600019,宝钢股份,普钢,2.05,1280.56,周线未呈多头排列,,,否,,
2026-07-23 03:45:07,000761,本钢板材,普钢,1.75,86.03,均线未向上倾斜,,,否,,
2026-07-23 03:45:07,603568,伟明环保,环境治理,1.67,298.46,均线未呈多头排列,,,否,,
2026-07-23 03:45:07,002003,伟星股份,纺织制造,1.84,101.6,周线未呈多头排列,,,否,,
